timestamp,datetime,camera_id,track_id,level,tier,risk_score,p_threat,triggered_rules
1786102498.6488059,2026-08-07T17:04:58,CAM_01,4,1,normal,0.0,0.0,
1786102499.079589,2026-08-07T17:04:59,CAM_01,4,1,normal,0.0,0.0,
1786102500.1709542,2026-08-07T17:05:00,CAM_01,4,1,normal,0.0,0.0,
1786102500.9607503,2026-08-07T17:05:00,CAM_01,4,1,normal,0.0,0.0,
1786102501.3190098,2026-08-07T17:05:01,CAM_01,4,1,normal,0.0,0.0,
1786102510.7711043,2026-08-07T17:05:10,CAM_01,8,1,normal,0.0,0.0,
1786102516.6375434,2026-08-07T17:05:16,CAM_01,8,1,normal,0.0,0.0,
1786102518.0529997,2026-08-07T17:05:18,CAM_01,8,1,normal,0.0,0.0,
1786102518.4049144,2026-08-07T17:05:18,CAM_01,8,1,normal,0.0,0.0,
1786102548.5657334,2026-08-07T17:05:48,CAM_01,10,1,normal,0.0,0.0,
1786102549.3020265,2026-08-07T17:05:49,CAM_01,10,1,normal,0.0,0.0,
1786102565.1225657,2026-08-07T17:06:05,CAM_01,13,1,normal,0.0,0.0,
1786102566.229715,2026-08-07T17:06:06,CAM_01,13,1,normal,0.0,0.0,
1786102722.2744923,2026-08-07T17:08:42,CAM_01,2,1,normal,0.0,0.0,
1786102723.198827,2026-08-07T17:08:43,CAM_01,2,1,normal,0.0,0.0,
1786102723.4740303,2026-08-07T17:08:43,CAM_01,2,1,normal,0.0,0.0,
1786102723.7539952,2026-08-07T17:08:43,CAM_01,2,1,normal,0.0,0.0,
1786102724.0534458,2026-08-07T17:08:44,CAM_01,2,1,normal,0.0,0.0,
1786102724.3329039,2026-08-07T17:08:44,CAM_01,2,1,normal,0.0,0.0,
1786102724.6185613,2026-08-07T17:08:44,CAM_01,2,1,normal,0.0,0.0,
1786102724.9040458,2026-08-07T17:08:44,CAM_01,2,1,normal,0.0,0.0,
1786102725.1794293,2026-08-07T17:08:45,CAM_01,2,1,normal,0.0,0.0,
1786102725.4675949,2026-08-07T17:08:45,CAM_01,2,1,normal,0.0,0.0,
1786102725.766388,2026-08-07T17:08:45,CAM_01,2,1,normal,0.0,0.0,
1786102726.0561454,2026-08-07T17:08:46,CAM_01,2,1,normal,0.0,0.0,
1786102726.90149,2026-08-07T17:08:46,CAM_01,2,1,normal,0.0,0.0,
1786102727.456573,2026-08-07T17:08:47,CAM_01,2,1,normal,0.0,0.0,
1786102727.7387345,2026-08-07T17:08:47,CAM_01,2,1,normal,0.0,0.0,
1786102728.014002,2026-08-07T17:08:48,CAM_01,2,1,normal,0.0,0.0,
1786102728.7360082,2026-08-07T17:08:48,CAM_01,2,1,normal,0.0,0.0,
1786102729.0122736,2026-08-07T17:08:49,CAM_01,2,1,normal,0.0,0.0,
1786102729.296785,2026-08-07T17:08:49,CAM_01,2,1,normal,0.0,0.0,
1786102729.5831416,2026-08-07T17:08:49,CAM_01,2,1,normal,0.0,0.0,
1786102729.8608823,2026-08-07T17:08:49,CAM_01,2,1,normal,0.0,0.0,
1786102730.1437602,2026-08-07T17:08:50,CAM_01,2,1,normal,0.0,0.0,
1786102730.4316416,2026-08-07T17:08:50,CAM_01,2,1,normal,0.0,0.0,
1786102730.7161007,2026-08-07T17:08:50,CAM_01,2,1,normal,0.0,0.0,
1786102730.9935005,2026-08-07T17:08:50,CAM_01,2,1,normal,0.0,0.0,
1786102731.2793968,2026-08-07T17:08:51,CAM_01,2,1,normal,0.0,0.0,
1786102731.5673723,2026-08-07T17:08:51,CAM_01,2,1,normal,0.0,0.0,
1786102731.8520458,2026-08-07T17:08:51,CAM_01,2,1,normal,0.0,0.0,
1786102732.1282496,2026-08-07T17:08:52,CAM_01,2,1,normal,0.0,0.0,
1786102732.4151094,2026-08-07T17:08:52,CAM_01,2,1,normal,0.0,0.0,
1786102732.708361,2026-08-07T17:08:52,CAM_01,2,1,normal,0.0,0.0,
1786102732.9952111,2026-08-07T17:08:52,CAM_01,2,1,normal,0.0,0.0,
1786102733.290745,2026-08-07T17:08:53,CAM_01,2,1,normal,0.0,0.0,
1786102733.5692627,2026-08-07T17:08:53,CAM_01,2,1,normal,0.0,0.0,
1786102733.8496404,2026-08-07T17:08:53,CAM_01,2,1,normal,0.0,0.0,
1786102734.1272078,2026-08-07T17:08:54,CAM_01,2,1,normal,0.0,0.0,
1786102734.4126568,2026-08-07T17:08:54,CAM_01,2,1,normal,0.0,0.0,
1786102734.6879601,2026-08-07T17:08:54,CAM_01,2,1,normal,0.0,0.0,
1786102734.9705784,2026-08-07T17:08:54,CAM_01,2,1,normal,0.0,0.0,
1786102735.2479174,2026-08-07T17:08:55,CAM_01,2,1,normal,0.0,0.0,
1786102735.5349052,2026-08-07T17:08:55,CAM_01,2,1,normal,0.0,0.0,
1786102735.819881,2026-08-07T17:08:55,CAM_01,2,1,normal,0.0,0.0,
1786102736.1332138,2026-08-07T17:08:56,CAM_01,2,1,normal,0.0,0.0,
1786102736.4274392,2026-08-07T17:08:56,CAM_01,2,1,normal,0.0,0.0,
1786102736.8806682,2026-08-07T17:08:56,CAM_01,2,1,normal,0.0,0.0,
1786102737.4656153,2026-08-07T17:08:57,CAM_01,2,1,normal,0.0,0.0,
1786102737.755311,2026-08-07T17:08:57,CAM_01,2,1,normal,0.0,0.0,
1786102738.0417643,2026-08-07T17:08:58,CAM_01,2,1,normal,0.0,0.0,
1786102738.3198516,2026-08-07T17:08:58,CAM_01,2,1,normal,0.0,0.0,
1786102738.602805,2026-08-07T17:08:58,CAM_01,2,1,normal,0.0,0.0,
1786102738.880823,2026-08-07T17:08:58,CAM_01,2,1,normal,0.0,0.0,
1786102739.173927,2026-08-07T17:08:59,CAM_01,2,1,normal,0.0,0.0,
1786102739.4651809,2026-08-07T17:08:59,CAM_01,2,1,normal,0.0,0.0,
1786102739.7564447,2026-08-07T17:08:59,CAM_01,2,1,normal,0.0,0.0,
1786102740.041464,2026-08-07T17:09:00,CAM_01,2,1,normal,0.0,0.0,
1786102740.3283489,2026-08-07T17:09:00,CAM_01,2,1,normal,0.0,0.0,
1786102740.6133292,2026-08-07T17:09:00,CAM_01,2,1,normal,0.0,0.0,
1786102740.8982954,2026-08-07T17:09:00,CAM_01,2,1,normal,0.0,0.0,
1786102741.174739,2026-08-07T17:09:01,CAM_01,2,1,normal,0.0,0.0,
1786102741.4681115,2026-08-07T17:09:01,CAM_01,2,1,normal,0.0,0.0,
1786102741.7456145,2026-08-07T17:09:01,CAM_01,2,1,normal,0.0,0.0,
1786102742.0208268,2026-08-07T17:09:02,CAM_01,2,1,normal,0.0,0.0,
1786102742.3059888,2026-08-07T17:09:02,CAM_01,2,1,normal,0.0,0.0,
1786102742.5944612,2026-08-07T17:09:02,CAM_01,2,1,normal,0.0,0.0,
1786102742.8789783,2026-08-07T17:09:02,CAM_01,2,1,normal,0.0,0.0,
1786102743.1622002,2026-08-07T17:09:03,CAM_01,2,1,normal,0.0,0.0,
1786102743.4494467,2026-08-07T17:09:03,CAM_01,2,1,normal,0.0,0.0,
1786102755.940473,2026-08-07T17:09:15,CAM_01,8,1,normal,0.0,0.0,
1786102763.7869785,2026-08-07T17:09:23,CAM_01,11,1,normal,0.0,0.0,
1786102764.0689964,2026-08-07T17:09:24,CAM_01,11,1,normal,0.0,0.0,
1786102764.3551972,2026-08-07T17:09:24,CAM_01,11,1,normal,0.0,0.0,
1786102764.6412811,2026-08-07T17:09:24,CAM_01,11,1,normal,0.0,0.0,
1786102764.9290555,2026-08-07T17:09:24,CAM_01,11,1,normal,0.0,0.0,
1786102765.2050872,2026-08-07T17:09:25,CAM_01,11,1,normal,0.0,0.0,
1786102765.4902325,2026-08-07T17:09:25,CAM_01,11,1,normal,0.0,0.0,
1786102766.05232,2026-08-07T17:09:26,CAM_01,11,1,normal,0.0,0.0,
1786102766.6245213,2026-08-07T17:09:26,CAM_01,11,1,normal,0.0,0.0,
1786102766.9102006,2026-08-07T17:09:26,CAM_01,11,1,normal,0.0,0.0,
1786102767.1934714,2026-08-07T17:09:27,CAM_01,11,1,normal,0.0,0.0,
1786102767.4800634,2026-08-07T17:09:27,CAM_01,11,1,normal,0.0,0.0,
1786102767.7643867,2026-08-07T17:09:27,CAM_01,11,1,normal,0.0,0.0,
1786102768.0493057,2026-08-07T17:09:28,CAM_01,11,1,normal,0.0,0.0,
1786102768.3512216,2026-08-07T17:09:28,CAM_01,11,1,normal,0.0,0.0,
1786102768.6411934,2026-08-07T17:09:28,CAM_01,11,1,normal,0.0,0.0,
1786102768.9177485,2026-08-07T17:09:28,CAM_01,11,1,normal,0.0,0.0,
1786102769.2032964,2026-08-07T17:09:29,CAM_01,11,1,normal,0.0,0.0,
1786102769.6512177,2026-08-07T17:09:29,CAM_01,11,1,normal,0.0,0.0,
1786102769.928935,2026-08-07T17:09:29,CAM_01,11,1,normal,0.0,0.0,
1786102770.2143629,2026-08-07T17:09:30,CAM_01,11,1,normal,0.0,0.0,
1786102772.4329486,2026-08-07T17:09:32,CAM_01,11,1,normal,0.0,0.0,
1786102772.7126074,2026-08-07T17:09:32,CAM_01,11,1,normal,0.0,0.0,
1786102772.9936082,2026-08-07T17:09:32,CAM_01,11,1,normal,0.0,0.0,
1786102773.2741487,2026-08-07T17:09:33,CAM_01,11,1,normal,0.0,0.0,
1786102773.5654058,2026-08-07T17:09:33,CAM_01,11,1,normal,0.0,0.0,
1786102773.8477569,2026-08-07T17:09:33,CAM_01,11,1,normal,0.0,0.0,
1786102774.123333,2026-08-07T17:09:34,CAM_01,11,1,normal,0.0,0.0,
1786102774.4089324,2026-08-07T17:09:34,CAM_01,11,1,normal,0.0,0.0,
1786102774.6975913,2026-08-07T17:09:34,CAM_01,11,1,normal,0.0,0.0,
1786102774.9792292,2026-08-07T17:09:34,CAM_01,11,1,normal,0.0,0.0,
1786102775.2641518,2026-08-07T17:09:35,CAM_01,11,1,normal,0.0,0.0,
1786102775.6717165,2026-08-07T17:09:35,CAM_01,11,1,normal,0.0,0.0,
1786102776.0012178,2026-08-07T17:09:36,CAM_01,11,1,normal,0.0,0.0,
1786102776.447381,2026-08-07T17:09:36,CAM_01,11,1,normal,0.0,0.0,
1786102776.7534904,2026-08-07T17:09:36,CAM_01,11,1,normal,0.0,0.0,
1786102777.0397003,2026-08-07T17:09:37,CAM_01,11,1,normal,0.0,0.0,
1786102777.7850208,2026-08-07T17:09:37,CAM_01,11,1,normal,0.0,0.0,
1786102778.2606688,2026-08-07T17:09:38,CAM_01,11,1,normal,0.0,0.0,
1786102778.9129775,2026-08-07T17:09:38,CAM_01,11,1,normal,0.0,0.0,
1786102779.2179904,2026-08-07T17:09:39,CAM_01,11,1,normal,0.0,0.0,
1786102779.903169,2026-08-07T17:09:39,CAM_01,11,1,normal,0.0,0.0,
1786102780.4453263,2026-08-07T17:09:40,CAM_01,11,1,normal,0.0,0.0,
1786102780.8217933,2026-08-07T17:09:40,CAM_01,11,1,normal,0.0,0.0,
1786102781.1901982,2026-08-07T17:09:41,CAM_01,11,1,normal,0.0,0.0,
1786102781.649639,2026-08-07T17:09:41,CAM_01,11,1,normal,0.0,0.0,
1786102781.9450245,2026-08-07T17:09:41,CAM_01,11,1,normal,0.0,0.0,
1786102782.3391583,2026-08-07T17:09:42,CAM_01,11,1,normal,0.0,0.0,
1786102782.8171163,2026-08-07T17:09:42,CAM_01,11,1,normal,0.0,0.0,
1786102783.105734,2026-08-07T17:09:43,CAM_01,11,1,normal,0.0,0.0,
1786102783.3775241,2026-08-07T17:09:43,CAM_01,11,1,normal,0.0,0.0,
1786102783.6527975,2026-08-07T17:09:43,CAM_01,11,1,normal,0.0,0.0,
1786103397.6842096,2026-08-07T17:19:57,CAM_01,1,1,normal,0.0,0.0,
1786103398.822168,2026-08-07T17:19:58,CAM_01,1,1,normal,0.0,0.0,
1786103399.13949,2026-08-07T17:19:59,CAM_01,1,1,normal,0.0,0.0,
1786103399.435401,2026-08-07T17:19:59,CAM_01,1,1,normal,0.0,0.0,
1786103399.7256732,2026-08-07T17:19:59,CAM_01,1,1,normal,0.0,0.0,
1786103400.0274112,2026-08-07T17:20:00,CAM_01,1,1,normal,0.0,0.0,
1786103400.313365,2026-08-07T17:20:00,CAM_01,1,1,normal,0.0,0.0,
1786103400.588677,2026-08-07T17:20:00,CAM_01,1,1,normal,0.0,0.0,
1786103400.8831518,2026-08-07T17:20:00,CAM_01,1,1,normal,0.0,0.0,
1786103401.2220104,2026-08-07T17:20:01,CAM_01,1,1,normal,0.0,0.0,
1786103401.5551925,2026-08-07T17:20:01,CAM_01,1,1,normal,0.0,0.0,
1786103401.8394911,2026-08-07T17:20:01,CAM_01,1,1,normal,0.0,0.0,
1786103402.1387892,2026-08-07T17:20:02,CAM_01,1,1,normal,0.0,0.0,
1786103402.4255445,2026-08-07T17:20:02,CAM_01,1,1,normal,0.0,0.0,
1786103402.7232363,2026-08-07T17:20:02,CAM_01,1,1,normal,0.0,0.0,
1786103403.0224757,2026-08-07T17:20:03,CAM_01,1,1,normal,0.0,0.0,
1786103403.3119802,2026-08-07T17:20:03,CAM_01,1,1,normal,0.0,0.0,
1786103403.6918688,2026-08-07T17:20:03,CAM_01,1,1,normal,0.0,0.0,
1786103404.0399373,2026-08-07T17:20:04,CAM_01,1,1,normal,0.0,0.0,
1786103404.3771968,2026-08-07T17:20:04,CAM_01,1,1,normal,0.0,0.0,
1786103404.6824787,2026-08-07T17:20:04,CAM_01,1,1,normal,0.0,0.0,
1786103404.989298,2026-08-07T17:20:04,CAM_01,1,1,normal,0.0,0.0,
1786103405.2895539,2026-08-07T17:20:05,CAM_01,1,1,normal,0.0,0.0,
1786103405.879504,2026-08-07T17:20:05,CAM_01,1,1,normal,0.0,0.0,
1786103406.7165086,2026-08-07T17:20:06,CAM_01,1,1,normal,0.0,0.0,
1786103407.275954,2026-08-07T17:20:07,CAM_01,1,1,normal,0.0,0.0,
1786103408.0788693,2026-08-07T17:20:08,CAM_01,1,1,normal,0.0,0.0,
1786103409.225872,2026-08-07T17:20:09,CAM_01,1,1,normal,0.0,0.0,
1786103409.6423156,2026-08-07T17:20:09,CAM_01,1,1,normal,0.0,0.0,
1786103410.0073092,2026-08-07T17:20:10,CAM_01,1,1,normal,0.0,0.0,
1786103410.4643114,2026-08-07T17:20:10,CAM_01,1,1,normal,0.0,0.0,
1786103411.6649106,2026-08-07T17:20:11,CAM_01,1,1,normal,0.0,0.0,
1786103412.8806837,2026-08-07T17:20:12,CAM_01,1,1,normal,0.0,0.0,
1786103413.4492428,2026-08-07T17:20:13,CAM_01,1,1,normal,0.0,0.0,
1786103414.2574768,2026-08-07T17:20:14,CAM_01,1,1,normal,0.0,0.0,
1786103415.121358,2026-08-07T17:20:15,CAM_01,1,1,normal,0.0,0.0,
1786103416.0994744,2026-08-07T17:20:16,CAM_01,1,1,normal,0.0,0.0,
1786103417.4656823,2026-08-07T17:20:17,CAM_01,1,1,normal,0.0,0.0,
1786103418.137355,2026-08-07T17:20:18,CAM_01,1,1,normal,0.0,0.0,
1786103418.8783045,2026-08-07T17:20:18,CAM_01,1,1,normal,0.0,0.0,
1786103419.4389966,2026-08-07T17:20:19,CAM_01,1,1,normal,0.0,0.0,
1786103420.34917,2026-08-07T17:20:20,CAM_01,1,1,normal,0.0,0.0,
1786103421.4742723,2026-08-07T17:20:21,CAM_01,1,1,normal,0.0,0.0,
1786103422.6123967,2026-08-07T17:20:22,CAM_01,1,1,normal,0.0,0.0,
1786103423.3844557,2026-08-07T17:20:23,CAM_01,1,1,normal,0.0,0.0,
1786103423.8085892,2026-08-07T17:20:23,CAM_01,1,1,normal,0.0,0.0,
1786103424.522007,2026-08-07T17:20:24,CAM_01,1,1,normal,0.0,0.0,
1786103425.2312193,2026-08-07T17:20:25,CAM_01,1,1,normal,0.0,0.0,
1786103425.8948298,2026-08-07T17:20:25,CAM_01,1,1,normal,0.0,0.0,
1786103426.6282878,2026-08-07T17:20:26,CAM_01,1,1,normal,0.0,0.0,
1786103427.0376964,2026-08-07T17:20:27,CAM_01,1,1,normal,0.0,0.0,
1786103427.4168267,2026-08-07T17:20:27,CAM_01,1,1,normal,0.0,0.0,
1786103427.8033412,2026-08-07T17:20:27,CAM_01,1,1,normal,0.0,0.0,
1786103428.273533,2026-08-07T17:20:28,CAM_01,1,1,normal,0.0,0.0,
1786103428.6794581,2026-08-07T17:20:28,CAM_01,1,1,normal,0.0,0.0,
1786103429.1783452,2026-08-07T17:20:29,CAM_01,1,1,normal,0.0,0.0,
1786103429.5416324,2026-08-07T17:20:29,CAM_01,1,1,normal,0.0,0.0,
1786103429.8739533,2026-08-07T17:20:29,CAM_01,1,1,normal,0.0,0.0,
1786103430.4619293,2026-08-07T17:20:30,CAM_01,1,1,normal,0.0,0.0,
1786103430.8162694,2026-08-07T17:20:30,CAM_01,1,1,normal,0.0,0.0,
1786103431.260223,2026-08-07T17:20:31,CAM_01,1,1,normal,0.0,0.0,
1786103431.6182718,2026-08-07T17:20:31,CAM_01,1,1,normal,0.0,0.0,
1786103431.9391186,2026-08-07T17:20:31,CAM_01,1,1,normal,0.0,0.0,
1786103432.2965024,2026-08-07T17:20:32,CAM_01,1,1,normal,0.0,0.0,
1786103432.6819959,2026-08-07T17:20:32,CAM_01,1,1,normal,0.0,0.0,
1786103433.0390704,2026-08-07T17:20:33,CAM_01,1,1,normal,0.0,0.0,
1786103433.6751866,2026-08-07T17:20:33,CAM_01,1,1,normal,0.0,0.0,
1786103434.5247626,2026-08-07T17:20:34,CAM_01,1,1,normal,0.0,0.0,
1786103434.9789078,2026-08-07T17:20:34,CAM_01,1,1,normal,0.0,0.0,
1786103435.4716852,2026-08-07T17:20:35,CAM_01,1,1,normal,0.0,0.0,
1786103435.8747666,2026-08-07T17:20:35,CAM_01,1,1,normal,0.0,0.0,
1786103436.2836072,2026-08-07T17:20:36,CAM_01,1,1,normal,0.0,0.0,
1786103436.670724,2026-08-07T17:20:36,CAM_01,1,1,normal,0.0,0.0,
1786103437.018455,2026-08-07T17:20:37,CAM_01,1,1,normal,0.0,0.0,
1786103437.3879728,2026-08-07T17:20:37,CAM_01,1,1,normal,0.0,0.0,
1786103437.7445087,2026-08-07T17:20:37,CAM_01,1,1,normal,0.0,0.0,
1786103438.0977306,2026-08-07T17:20:38,CAM_01,1,1,normal,0.0,0.0,
1786103438.494543,2026-08-07T17:20:38,CAM_01,1,1,normal,0.0,0.0,
1786103438.8663797,2026-08-07T17:20:38,CAM_01,1,1,normal,0.0,0.0,
1786103439.439297,2026-08-07T17:20:39,CAM_01,1,1,normal,0.0,0.0,
1786103439.8392484,2026-08-07T17:20:39,CAM_01,1,1,normal,0.0,0.0,
1786103440.384264,2026-08-07T17:20:40,CAM_01,1,1,normal,0.0,0.0,
1786103440.9721327,2026-08-07T17:20:40,CAM_01,1,1,normal,0.0,0.0,
1786103441.2761536,2026-08-07T17:20:41,CAM_01,1,1,normal,0.0,0.0,
1786103441.5628183,2026-08-07T17:20:41,CAM_01,1,1,normal,0.0,0.0,
1786103441.861063,2026-08-07T17:20:41,CAM_01,1,1,normal,0.0,0.0,
1786103442.1368012,2026-08-07T17:20:42,CAM_01,1,1,normal,0.0,0.0,
1786103442.4171464,2026-08-07T17:20:42,CAM_01,1,1,normal,0.0,0.0,
